body,dt,link,title
"<div class=""a_body"">
									  <p>中国财经</p>
<p>热点</p>
<p><strong>中国股市在国务院撤换证监会主席后的首个交易日显著高开，上海股市收涨2.35%，深圳涨2.05%。</strong></p>
<p>顾功垒　上海特派员</p>
<p>gugl@sph.com.sg</p>
<p>中国证监会换帅后的首个股市交易日现开门红，沪深两市昨日收盘双双上涨超过2%，既给上周末新上任的证监会主席刘士余留有情面，也为本周召开的G20财长会议和三月初开幕的全国“两会”构筑良好的行情基础。</p>
<p><strong>信贷井喷货币宽松</strong></p>
<p><strong>支撑市场向好情绪</strong></p>
<p>不过有经济分析师认为，股指受提振的主要原因和证监会换下前主席肖钢的关联不大。信贷井喷、央行货币宽松是市场情绪向好的主要支撑；市场对两会期间可能放出的多项政策利好预期也是推高股指的另一因素。</p>
<p>中国财政部上周五放出楼市救市“重磅”消息，房地产交易环节契税和营业税自昨日起“双降”，二套房契税从之前的3%按不同面积降至1%和2%，为多数购房者节省数万元人民币税额。</p>
<p>此前，多地出台首套房降首付比例、北京市住建委取消境外个人在京购房的工作年限限制等消息，表明政府有诚意去房地产库存。</p>
<p>紧接着，证监会上周六撤换主帅，由原农业银行董事长刘士余替下肖钢出任主席，令一些经历股灾的股民忍不住喊出“牛市遇”的期待。</p>
<p>沪深两市昨日跳空高开后持续走高，两市2400余只个股飘红上涨，成交较上个交易日明显扩大。</p>
<p>截至收盘，沪指重新站上2900点，创下本月以来反弹新高，收报2927.18点，上涨2.35%；深圳成指报10370.99点，上涨2.05%；创业板指也上涨1.56%报2245.56点。</p>
<p>信达证券股份首席策略分析师陈嘉禾向本报指出，中国国内近期量化宽松的环境和信贷超速增长可能是股指走高的主因；同时，市场对于两会开幕后涵盖消费、金融、医保、社保等多方面的政策放宽预期也在升温，不过很难说清哪个助推的动力更大。</p>
<p><strong>社会融资贷款超市场预期</strong></p>
<p>中国央行上周二（16日）公布的1月份社会融资和人民币贷款数据超越市场预期，社会融资规模增量1月份达到3.42万亿元（人民币，下同，7356亿新元），比去年同期多1.37万亿元。</p>
<p>其中，上个月对实体经济发放的人民币贷款增加2.54万亿元，同比多增1.07万亿元；此规模比2009年1月中国推出四万亿刺激配套时还多了9000亿元。</p>
<p>新加坡华侨银行经济分析师谢栋铭说：“2.5万亿的天量人民币信贷让市场有2009年昨日重现的感觉。”</p>
<p>尽管有看空者认为这将是中国债务危机爆发的前奏，不过谢栋铭指出，此轮信贷的井喷是供给驱动需求的典型，一方面银行开年的放贷冲动推高了信贷数据，另一方面财政政策的放松也给银行放贷的标的，使到大量资金涌入政府项目。</p>
<p>澳新银行大中华区首席经济分析师刘利刚等人昨日发布的报告则重申，1月份人民币信贷猛增或和当月人民币贬值与美元走强使得企业转向人民币贷款有关，当月对实体经济发放的外币贷款折合成人民币后实际上减少了1727亿元。</p>
<p>把人民币信贷规模放大到宏观背景中去检验，刘利刚认为，银行依旧担忧信用风险，偏向信用稳定的大企业而非中小企业，因此人民币贷款的去向和发力程度有待继续观察。</p>
<p><strong>央行似倾向市场化货币政策</strong></p>
<p>另外，有经济分析师观察到，中国央行逐渐收紧春节前给市场注入流动性的做法，还适度扩大了人民币对美元的中间价双向浮动区间，显示央行今后将更倾向于和市场接轨的货币和汇率政策。</p>
<p>澳新银行报告指，中国央行从市场抽出约4550亿元的流动性，还把过去每周两天的公开市场操作（OMO）调整为每天进行，释放出中国可能走向更市场化利率架构的信号。</p>
<p>汇丰银行和华侨银行的报告还指，中国央行在春节后的汇率政策调整可能是为本周五和周六在上海举行的G20财长会议定下人民币将更国际化的基调，与会财长和央行行长是否就全球携手抵御经济放缓达成共识也是投资者关注的焦点。</p>
	
						</div>",2016年2月23日,http://www.zaobao.com/special/report/politic/fincrisis/story20160223-584562,证监会换帅后开盘首日 沪深两股市皆涨逾2%
"<div class=""a_body"">
									  <p>中国财经</p>
<p>热点</p>
<p><strong>二十国集团（G20）财长和央行行长会议明天起在上海举行两天，中国经济改革对世界的影响和国际社会如何联手抵御全球经济放缓，料将成为会上讨论交锋的两大看点。学者和分析师认为，中国作为世界第二大经济体和今年G20轮值主席，会希望“中国声音”成为会上的主导声音。</strong></p>
<p>顾功垒　上海特派员</p>
<p>gugl@sph.com.sg</p>
<p>二十国集团（G20）财长和央行行长会议明后两天在上海举行，中国下来将如何继续推进改革，以及世界各国如何携手抵御全球经济放缓的冲击，料将成为此次会议的两大看点。</p>
<p>受访学者和经济分析师认为，作为世界第二大经济体和今年的G20轮值主席，中国必定会借机承诺继续推进供给侧结构性改革、人民币汇改和国际化，通过发出“中国声音”来提升话语权。</p>
<p>各国财长和央行行长预计也会对当前金融形势进行分析和相互沟通，讨论联手避险、抵御全球经济疲态。但对于各方是否会在会上达致具体的协调政策，分析人士则持保留态度。</p>
<p>今年开年后，人民币急速贬值近2%、沪深股市两个交易日遭“熔断”后新机制被中国证监会喊停，国际市场应声下挫，投资者指紧张情绪是受中国汇率和股市拖累。</p>
<p>新春假期后，中国央行一反之前的做法抽紧了市场流动性，美元对人民币中间价双向浮动扩大，显示央行有意让人民币更倚重市场力量来实现灵活性的汇率。</p>
<p><strong>国际社会希望</strong></p>
<p><strong>透彻了解中国经济金融政策</strong></p>
<p>虽然中国一般在重大国际和国内会议前营造良好氛围，但新加坡大华银行高级经济师全德健认为，此举并不会转移国际社会希望透彻了解中国经济金融政策的焦点。</p>
<p>他说：“市场之前把全球金融动荡的矛头指向中国，中国政府还是得借助G20阐述自己的金融和汇改政策，尤其是向西方国家表明中国会采取哪些措施维持经济增长。”</p>
<p>中国人民银行行长周小川本月中接受《财新周刊》专访时已强调，中国不存在为扩大净出口而贬值人民币的动机和基础。</p>
<p>中国国家主席习近平本周一召开中共政治局会议时也指出，中国要继续实施积极的财政政策和稳健的货币政策，“加强区间调控、定向调控”，加强供给侧结构性改革，深挖国内需求潜力。</p>
<p>全德健认为，如果周小川在春节后接受国内媒体访问是对内作出政策阐述，那G20则是他向国际社会阐明中国政策的平台。</p>
<p>中国人行网站本周一公告，周小川将在明早出席人行在上海总部的记者会，回答记者关心的问题。</p>
<p>上海财经大学教授、自贸区研究院秘书长陈波指出，外界批评中国刺激不力、内需不足和改革不力，但事实上，中国过去30多年行之有效的公共投资回报和拉动效应正在急速下降，中国的改革“任重道远”，释放红利和提升世界总需求更不会在一朝一夕间实现。</p>
<p>美银美林昨日预计，中国今年经济增速的提法会从去年的“保持在7%左右”，调整为“介于6.5%至7%之间”，为改革腾出更多回旋空间。</p>
<p><strong>料将探讨日本负利率</strong></p>
<p><strong>及货币竞相贬值等议题</strong></p>
<p>除“中国声音”外，各国财长和央行行长预计会就日本施行负利率后没有达到贬值预期、人民币贬值可能引发其他货币竞相贬值等议题，探讨协调政策的可能性。</p>
<p>不过，各国将如何在自身利益和协作上求取平衡，仍有待观察。</p>
<p>美国财政部早前宣布，美国财长雅各布・卢（Jacob Lew）将在G20会上探讨全球经济和金融发展，重申反对竞争性货币贬值的立场，强调汇率政策沟通的重要性。日本财政大臣麻生太郎周二则表示，日本希望在会上寻求应对全球市场动荡的举措。</p>
<p>根据中国央行公布的人民币汇率中间价，人民币对美元的中间价自上周一起逐步贬值。对此，陈波认为，其他国家联合起来在G20上向中国施压的概率很低，中国也不会“被牵着鼻子走”，当前世界金融的困局和乱局其实不是中国一方造成的，就此争论没有意义。</p>
<p>此外，外界目前预计美国不会轻易在3月份加息，6月加息的可能性也只有20%；日本负利率政策没有达到贬值日元的效果。</p>
	
						</div>",2016年2月25日,http://www.zaobao.com/special/report/politic/fincrisis/story20160225-585417,G20财长及央行行长会议明起上海举行 中国经改及全球疲弱经济提振受关注
"<div class=""a_body"">
							<p>（顾功垒报道）财政部长王瑞杰指出，单靠货币政策挽救经济颓势有其局限性，需要适时跟进财政政策和结构性改革政策以打好组合拳，最终提升生产力及挖掘出新的经济增长动能，提振市场、投资者和公众的信心。</p>
<p>不过，他承认，要兼顾市场对短期政策的敏感反应和发掘新增长潜能，在两者之间求取平衡并非易事。政策制定者更大的挑战在于如何对外沟通中长期政策，让市场看清楚政策前行方向及政府实现计划的能力。二十国集团（G20）财长和央行行长会议昨天在上海落幕，新加坡以受邀嘉宾国身份参会。</p>
<p>王瑞杰会后接受新加坡媒体联访时指出，当前金融市场高度关联，尤其是大的经济体一举一动都会对其他国家产生溢出效应，一国货币的汇率浮动都将影响到其他货币的升贬。</p>
<p>全球经济今年增速预计从去年的3.6%下调到3.4%，日本央行采取负利率政策使日元不贬反升、欧洲央行打算维持宽松政策和美国可能延迟加息，给经济复苏蒙上不确定因素。</p>
<p>因此，王瑞杰认为，各方通过G20会议沟通后，认识到不能过度倚赖货币政策提振经济，更重要的是跟进与结构性改革有关联的财政政策，并确保政府会持续推行，发掘经济中长期增长潜能。</p>
<p>他说，如果市场可以看到新的投资活动数月或数年内可以带来更高生产力的经济产出，说明政策本身具可信度，将可以提振市场信心：“所以你需要制定可以相互影响的政策而不是孤立的政策。”</p>
<p>纵然市场短期内会对一些政策“敏感”，政策制定者如何对外沟通中长期政策却更受考验，因为改革的进度会受到不同市场情况、机构部门自身实力和传导机制的影响。</p>
<p>谈到当前中国经济，王瑞杰说：“它就好像（你）在一边开车一边在换轮胎，你提升经济能力时，引擎还得照常工作。”</p>
<p>中国经济去年取得6.9%的经济增速，中央政府使用财政政策和货币政策解决问题，并在创新、数码经济等多个领域进行新增长“投资”；另一方面，人民币汇改和管理机制却也遭致市场诸多诟病。</p>
<p>王瑞杰说，中国人民银行行长周小川在本次会议期间公开表态人民币没有持续贬值的基础、中国仍有一定的货币政策空间和相关工具，的确有助于安抚市场情绪，传递清晰的政策导向信号。</p>
<p>身为小的经济体，新加坡去年经济增速2%，同样面对经济下行的风险和结构转型的挑战，由王瑞杰领导的未来经济委员会正研究探讨新加坡的应对策略。下个月24日，他还将首次以财长身份公布新加坡今年的财政预算案。</p>
<p>王瑞杰昨天受访时没有透露预算案详情，但表示过去几年新加坡采取稳健适度的财政和货币政策，给政策调整留有空间，政府也一直在和国民沟通政府政策。</p>
<p>他指出，新加坡每隔几年进行经济重组，G20也是新加坡学习其他国家如何对全球经济放缓应变的场合，观察他们对我国经济的影响，并发现其中的机遇。</p>
<p>与会之余，王瑞杰还会见了多名在上海生活和工作的新加坡人，他们对中国中长期经济增长持信心，认同只有保持机敏和竞争力，方能在速变的中国市场抓住新机遇。</p>
<div class=""article-below-container clearfix""><div class=""buytranslation-holder""><a href=""/buyeng/translate/story20160228-586607"">[buy English translation]</a></div></div>
						</div>",2016年2月28日,http://www.zaobao.com/special/report/politic/fincrisis/story20160228-586608,王瑞杰： 提振经济也需配合财政和结构性改革政策
"<div class=""a_body"">
							<p>（华盛顿彭博电）国际货币基金组织警告，希腊政府与欧洲债权方必须提出一个能够确保希腊债务可持续性的可信计划，否则将再次牵动市场担忧希腊脱离欧元区的情绪。</p>
<p>国际货币基金组织欧洲事务主管汤姆森11日在一篇博客文章中指出，希腊债务可持续性的关键在于实现中期盈利目标，但截至目前有关各方仍未就此提出一个可信计划。</p>
<p>汤姆森说：“一个建立在过于乐观假设之上的计划，只会使市场担忧希腊脱离欧元区的情绪再次升温。”</p>
<p>他认为，希腊如不改革养老金制度，其国内生产总值将无法实现3.5%的基本盈余目标；另外，欧洲债权方也必须为希腊提供债务减免，才能确保该国债务可持续性。</p>
<p>约翰逊说：“一个包含改革与债务减免的计划才能给予国际货币基金组织与国际社会一个合理保证……使我们相信希腊终于能靠自己的能力站起来。”</p>
<div class=""article-below-container clearfix""><div class=""buytranslation-holder""><a href=""/buyeng/translate/story20160213-580945"">[buy English translation]</a></div></div>
						</div>",2016年2月13日,http://www.zaobao.com/special/report/politic/fincrisis/story20160213-580946,国际货币基金促确保 希腊债务可持续性
"<div class=""a_body"">
							<p>（纽约综合电）美国2月份非农就业数据好于预期但薪资意外下降，经济学家认为，鉴于就业增长、失业率低下而且薪资表现平平，预计美国联邦储备局最早或在6月份上调基准利率。此数据并没加剧市场对不久会升息的担忧，美国美股连续四天攀高。</p>
<p>美国劳工部数据显示，美国2月份非农就业增加24万2000人，高于预期的19万5000人；1月份数字从15万1000人向上修正为17万2000人。此外，美国失业率为4.9％，维持在8年低点，符合预期。不过，平均时薪环比下降0.1％（预期增长0.2％），是2014年12月以来首次下滑。时薪同比增幅为2.2％，低于彭博调查预测的2.5％。彭博社报道指出，当前的隐含概率显示，美国联储局到下半年加息的概率超过50％。</p>
<p>市场对何时加息看法不一。保德信金融集团（Prudential Financial）旗下总回报债券基金的投资组合经理彼得斯（Gregory Peters）认为，2月份就业数据喜忧参半意味着，联储局在3月15至16日会议上不会对采取加息行动。</p>
<p>不过，意大利联合信贷银行（Unicredit）首席经济师哈尔姆（Harm Bandholz）预计，美国今年加息两次或者三次。他说：“我们依然认为，金融市场低估了今年可能的加息次数。”</p>
<p>加拿大帝国商业银行（CIBC）经济师沈菲（Avery Shenfeld）则认为，2月份平均时薪下降美中不足，可能令联储局有所犹豫。“联储局还可以等待，但不会永远，我们认为6月加息的预期仍然是合理的。”</p>
<p>纽约股市标普500指数自10月来首次录得四日连升，收盘略低于2000点大关，收报1999.99点，涨0.33％，部分交易员认为这是重要心理关口。道琼斯指数也是自1月初来首次升穿17000点关口，收报17006.77点，涨0.37％。</p>
<div class=""article-below-container clearfix""><div class=""buytranslation-holder""><a href=""/buyeng/translate/story20160306-589363"">[buy English translation]</a></div></div>
						</div>",2016年3月6日,http://www.zaobao.com/special/report/politic/fincrisis/story20160306-589364,就业数据好于预期但薪资下降 美国经济数据未加剧升息担忧
"<div class=""a_body"">
							<p>（华盛顿综合电）美国联邦储备局主席耶伦本地时间昨天凌晨继续在国会出席听证会。她表示联储局不会实施负利率，然而也未完全将这个选择排除在外。</p>
<p>正如她周三对众议院金融服务委员会所述，耶伦周四警告参议院金融委员会不要急于对海外因素威胁美国经济增长的程度下结论。</p>
<p>耶伦对参议员表示，“我们正在非常仔细地观察形势发展，我想说，在任何一年都会有衰退的可能性。但迹象表明经济扩张并未结束。”</p>
<p>针对一些央行将借贷成本推低至负值，耶伦表示联储局目前并没有类似的计划，不过联储局也正对此加以研究。她说：“我不会排除这些选项。”</p>
<p>但耶伦坚信，强劲的就业增长、薪资提升以及稳健的家庭支出，将可让美国经济免陷困境。而美国劳工部周四公布的报告显示，上周初请失业金人数减少，是美国经济仍强劲的另一信号。</p>
<p>利率期货市场走势略微反映出今年有降息的可能。不过当耶伦重申，虽然不能排除降息的可能，但这“并非最有可能的前景”后，期货市场走势逆转。根据芝加哥商业交易所旗下的FedWatch，交易员认为今年降息的概率为8％。</p>
<p>华侨银行研究部认为，联储局实行负利率的可能性不大，但是耶伦的讲话也意味着联储局上半年加息的可能大幅下降，联储局官员在3月份会议时，有可能就点阵图进行调整。</p>
<p>券商Wedbush Equity Management投资总监马索卡（Stephen Massocca）表示，“大家得出的结论是，她已陷入困境，我认为联储局今年根本不会加息。”</p>
<p>联储局网站上个月底登载了一份2010年的员工内部备忘录，透露出当时联储局经济师困扰于实施负利率相关的一些问题，其中包括潜在的法律障碍。</p>
<p>耶伦周四在回答提问时表示，“在2010年的时候，我们认定这不能很好地促进宽松。鉴于欧洲国家和其他央行实行负利率，我们正在重新审视这个问题，因为我们希望在有必要加大宽松时，已经做好了准备。”</p>
<p>欧洲央行、日本央行等相继将基准利率调低至负值，以进一步刺激经济，欧洲美元期权交易表明，最近几周投资者变得越来越谨慎，猜测在全球市场下跌以及对全球经济增长的担忧愈演愈烈之际，联储局可能是下一个实施负利率的央行。</p>
<p>耶伦说：“我们还没有完成评估，我们需要考虑美国的制度背景以及这能否在这里良好运作。有许多事情需要研究。所以我不会排除其可能性，但我们需要判断它在此是否可行。”</p>
<p>耶伦承认金融市场担忧，以及油价下跌正在给美国通货膨胀造成下行压力，她认为这些因素很可能影响风险平衡或经济发展，从而影响货币政策立场，然而现阶段就此做出判断还为时过早。</p>
<div class=""article-below-container clearfix""><div class=""buytranslation-holder""><a href=""/buyeng/translate/story20160213-580929"">[buy English translation]</a></div></div>
						</div>",2016年2月13日,http://www.zaobao.com/special/report/politic/fincrisis/story20160213-580930,耶伦： 美联储暂不实施负利率 但不排除其可能性
"<div class=""a_body"">
							<p>各方承诺将各自及共同使用包括货币、财政和结构性改革政策在内的所有工具增强信心，维护和增进经济复苏进程。</p>
<p>顾功垒</p>
<p>上海特派员</p>
<p>gugl@sph.com.sg</p>
<p>二十国集团（G20）财长和央行行长会议昨天闭幕，各方承诺将各自及共同使用包括货币、财政和结构性改革政策在内的所有工具增强信心，维护和增进经济复苏进程。</p>
<p>各方还同意进一步加强结构性改革议程，包括制定优先方向和指导原则，为G20成员推进改革提供参考，并将建立一套指标体系，改善对结构性改革进展的评估和监测。</p>
<p>在全球经济复苏疲软、资本流动出现波动、大宗商品价格大幅下跌及地缘政治风险加剧的背景下，G20过去两天在上海举行财长和央行行长会议，中国是本次会议轮值主席国。</p>
<p>中国财政部部长楼继伟昨晚在主席国新闻发布会上指出，近期市场波动程度并未反映全球经济基本面持续复苏的状况，各方同意利用各种政策工具来应对风险、增强市场信心和促进经济增长。</p>
<p>G20公报指出，各方认同适度宽松的货币政策可继续推进经济增长和保持价格稳定，同时辅以灵活的财政政策增强韧性，并确保债务率保持在可持续的水平。</p>
<p>楼继伟说，对于有困难实施扩张性财政政策的国家，一定要用各种手段加快结构性改革。</p>
<p>他之后答复媒体询问各方是否在会上就汇率进行讨论时表示，鉴于近期汇率波动，各方认为重申以往关于汇率的承诺尤为重要，包括避免竞争性货币贬值。</p>
<p>国际货币基金组织（IMF）总裁拉加德在会后发布会上指出，全球复苏依然脆弱和不均衡，IMF乐见各方在此次会议上达致需要采取行动的共识，从经济体自身的情况出发寻求适用的政策并加强多边合作，支持G20制定结构性改革优先方向和指导原则的承诺。</p>
<p><strong>王瑞杰：新加坡可就</strong></p>
<p><strong>投资法律和监管提供建议</strong></p>
<p>楼继伟昨天也在记者会上承认，中国结构性问题造成的资源配置扭曲比较大，但强调会兼顾短期和长期配搭，一方面大幅度解除行政管制、推行价格改革来达到最快的短期效果；另一方面将继续户籍制度、改革创新、税收司法等扩张性的改革来推动增长。</p>
<p>参会的新加坡财政部长王瑞杰昨天在会议闭幕后向新加坡媒体表示，结构性改革本身是复杂的，不同国家在不同的发展阶段有不同的需求，又需要经过数年的时间看到实效，所以要协调结构性改革政策并不容易；中国推进改革的决心和一系列政策配套是有目共睹的。</p>
<p>不过在基础设施投资方面，如何为投资和提升潜在产出营造一个良好的环境，王瑞杰认为可加强探讨。</p>
<p>他说，新加坡可以在基础设施投资的设计、落实、融资机制、法律框架和监管等方面提供看法和建议，参与探讨如何立项，通过制定标准化和具法律执行约束力的合约确立各方风险，带入私人部门投资，提供中立可信的仲裁渠道，让项目融资更容易。</p>
<p>王瑞杰昨天在投资和基础建设会议上发言时，还以中国迅速发展的网络经济和双十一购物节为例，阐述“最后一公里快递物流”对中国网络经济、现代金融产生的影响，以此说明投资项目立项时，可以评估它是否具有带动经济新增长动力的潜能。</p>
<p>他还在国际金融框架会议上建议，G20各方未来可以加强介于全球和各国之间的“区域中间层”角色，增强融资安排的协调性、降低风险。</p>
<p>楼继伟则表示，会议决定发起全球基础设施互联互通联盟倡议，以增进现有各国基础设施计划的合作和协同效应，期待今年4月在新加坡就促进全球基础设施互联互通开展富有成效的讨论。</p>
<p>根据G20峰会财金渠道工作计划，下一次G20财长和央行行长会将于4月14至15日在美国华盛顿举行。</p>
<div class=""article-below-container clearfix""><div class=""buytranslation-holder""><a href=""/buyeng/translate/story20160228-586605"">[buy English translation]</a></div></div>
						</div>",2016年2月28日,http://www.zaobao.com/special/report/politic/fincrisis/story20160228-586606,二十国集团承诺 动用所有政策工具提振经济
"<div class=""a_body"">
							<p>（纽约讯）去年暴跌的新兴市场近几周终于有所反弹，这一来是得益于大宗商品价格的回升，且市场相信美国联储局不会很快加息。</p>
<p>根据明晟（MSCI）新兴市场指数，自1月底以来，新兴市场股票上涨了12%，收复了年初大跌时的多数失地。墨西哥比索、俄罗斯卢布等货币也摆脱了近期低点，兑美元分别上涨7%和13%。</p>
<p>根据国际金融协会，今年的头两个月里，新兴国家债券共吸引资金50亿美元。</p>
<p>眼下这轮涨势已持续数周，是各类资产均遭遇大跌背景下新兴市场一次力度较大的反弹，而且未受到多数新兴国家经济增速不断放缓且债务负担沉重的影响。</p>
<p>据《华尔街日报》分析，从投资者押注新兴市场的意愿不难看出，在当前欧洲和日本央行推行负利率政策、美国债券收益率仍接近纪录低位之际，基金经理是多么渴望追逐高收益。这也表明一些投资者多么担心错过这或许转瞬即逝的涨势，这会让他们远远落后于同行和基准指数。</p>
<p>一些人表示，新兴市场仍充满风险，很容易在市场人气变化时逆转升势。</p>
<p>受中国对大宗商品的需求减弱影响，新兴市场经济体增速多已放缓。巴西经济去年出现25年来最大降幅。俄罗斯受到低油价和国际制裁的双重打击。矿产出口大国南非失业率高企，预算赤字扩大。</p>
<p>投资者还对发展中国家面临美元债务规模庞大的难题感到担忧；与此同时，中国政府可能迫于大规模资本外流的压力或是为了提振国内经济而推动人民币贬值；还有，从南美到东南亚，许多市场还受到政治问题的困扰。</p>
<p>此外，如果美联储局在今年晚些时候或者明年加息，那么美国国债相对于那些收益率较高、但风险也相对较高的新兴市场资产的吸引力可能也会增强。</p>
<div class=""article-below-container clearfix""><div class=""buytranslation-holder""><a href=""/buyeng/translate/story20160307-589647"">[buy English translation]</a></div></div>
						</div>",2016年3月7日,http://www.zaobao.com/special/report/politic/fincrisis/story20160307-589648,新兴市场反弹但恐难持久
"<div class=""a_body"">
							<p><strong>新加坡已经与九个跨太平洋伙伴关系协定成员签有自贸协定，TPP能够与这些自贸协定互补。它也能打开加拿大和墨西哥这两个新市场。但TPP仍须经过各国的国会审批核准，预计还需几年时间才能落实协定内容。</strong></p>
<p>周文龙　报道</p>
<p>chewbl@sph.com.sg</p>
<p>新加坡和11国昨天在新西兰奥克兰签署跨太平洋伙伴关系协定，意味这项史上最大自由贸易协定向前迈进一大步。</p>
<p>但跨太平洋伙伴关系协定（Trans-Pacific Partnership，简称TPP）仍须经过各国的国会审批核准，预计还须几年时间才能落实协定内容。</p>
<p>代表我国签署协定的贸工部长（贸易）林勋强说，TPP的签署标志着本区域贸易自由化的一个重要里程碑。</p>
<p>他在贸工部发出的文告中说，签署国占全球将近四成的贸易总额，同时也占我国总贸易额的超过三成。他强调，TPP将确保本地投资者和企业拥有更加开放、可预见和具透明度的区域市场。</p>
<p>林勋强在声明中说：“我国期望TPP尽快正式获得批准，让本地企业能从增加的贸易和投资机会中获益。”</p>
<p>贸工部指出，TPP各成员国正展开协定核准工作，一旦所有12个成员国准备就绪，预计协定将在两年内生效。</p>
<p>TPP是由美国主导的贸易协定，旨在建立一个涵盖全球40％经济总量、全国经济年产值可增加超过3000亿美元（约4140亿新元）的贸易协定。TPP的其他成员国是澳大利亚、文莱、加拿大、智利、日本、马来西亚、墨西哥、新西兰、秘鲁和越南。</p>
<p>新加坡已经与九个TPP成员签有自贸协定，TPP能够与这些自贸协定互补。它也能打开加拿大和墨西哥这两个新市场。</p>
<p>此外，TPP也涵盖一整套知识产权保护框架、划一的劳工和环保标准，以及商业纷争的调解办法等。它也重视中小企业发展，各成员国将为中小企业专设信息网站，并为它们制定特别能力建设方案，以帮助它们在贸易中取得优势。</p>
<p>美国总统奥巴马欢迎TPP的签署，认为它将让美国今后同中国竞争时占优势。</p>
<p>白宫较早前呼吁国会不要延后核准TPP，否则美国将得为此付出沉重经济代价。美国国内对TPP仍存在反对声浪，反对者担心失去就业机会，</p>
<p>对此，奥巴马说，他将与国会两党继续磋商，促使国会核准TPP。</p>
<p>日本首相安倍晋三昨天说，希望TPP的签署能帮助日本实现经济增长和国民富裕。政府也会切实采取对策扶持农林水产业。TPP生效后，日本将取消农林水产品及工业品等占贸易总额95％的进口关税。</p>
<p>但随着日本的TPP主要谈判官、日本前经济部长甘利明因闹出贪污丑闻而在上月辞职，预料这将为日本核准协定带来一些阻力。</p>
<p>一些TPP成员国也提醒，TPP虽完成签署仪式，但距离生效仍需时日。</p>
<p>新西兰总理约翰・基（John Key）说，TPP的签署虽为“重要一步”，但在各国政府完成国内批准程序前，现阶段TPP还只是“一张白纸”。</p>
<p>昨天签署仪式举行同时，数以百计的抗议者在会场外聚集，不少人举着标语、高喊口号，表达对新西兰政府签署TPP协定的不满。不少抗议者说，TPP谈判过程缺乏透明度、不少条款对大型跨国公司有利，应当抵制政府签署这一协定。</p>
<p><strong>本地多个商会表示欢迎</strong></p>
<p>本地多个商会则对TPP的签署表示欢迎。新加坡美国商会会长詹姆斯安德拉德（James Andrade）说，TPP将对在本区域的美国公司带来深远的利益。</p>
<p>新加坡工商联合总会（SBF）指出，TPP的最新进展对我国商业社群是一个好消息，特别是我国目前正面对疲弱环球经济前景和贸易增长。</p>
<p>工商联合总会说：“TPP是高素质协定，可为要在亚太地区展开业务和寻求增长催化剂的公司带来更多商机，希望在当前商业环境下，TPP可带来信心提振的作用。”</p>
<p>工商联合总会执行总裁何鸣杰则希望TPP能尽快落实，以给本地企业带来额外增长渠道。</p>
<div class=""article-below-container clearfix""><div class=""buytranslation-holder""><a href=""/buyeng/translate/story20160205-578732"">[buy English translation]</a></div></div>
						</div>",2016年2月5日,http://www.zaobao.com/special/report/politic/fincrisis/story20160205-578733,12国签署跨太平洋伙伴关系协定
"<div class=""a_body"">
							<p><strong>受全球金融市场动荡影响，英国财长奥斯本调低英国经济增长预测，并宣布进一步紧缩开支高达68亿元。他警告，脱离欧盟将损害英国经济复苏。</strong></p>
<p>（伦敦综合电）受到全球金融市场动荡影响，英国财长奥斯本周三公布新财年预算案时降低英国的经济增长率预测，同时宣布将进一步紧缩开支。他也警告，英国脱离欧洲联盟将损害英国经济的复苏。</p>
<p>奥斯本说，政府将在2020年之前寻求进一步削减35亿英镑（约68亿新元）开支，到时，尽管政府的贷款额会升高，但应该能够取得预算盈余。</p>
<p>他提醒说，英国经济面临一系列风险，包括金融市场动荡、中国等经济体的成长放缓，以及发达国家增长疲弱。因此，他预测英国经济今年将只增长2.0%，低于去年11-月预测的2.4%。明年的增长预测则从2.5%调降至2.2%。</p>
<p>官方监督机构英国预算责任办公室说，此项预测是假定英国仍留在欧盟。</p>
<p>谈到6月23日的英国脱欧公投时，奥斯本重申了保守党政府希望英国继续留在欧盟的强烈愿望。“留在改革后的欧盟，英国将变得更加强大、安全和美好。我认为我们不应该冒险，导致英国人为建设强有力经济而做出的努力付诸东流。”</p>
<p>尽管首相卡梅伦希望英国留在欧盟，但多个保守党重要成员，包括伦敦市长约翰逊都认为英国应该脱欧。</p>
<p>预算责任办公室引述多份外部报告说：“大家的共识似乎是如果英国人投票决定脱欧，在英国与欧盟新关系的细节谈妥之前，可能会有一段混乱的不稳定时期。”</p>
<p>为了促进经济活动，奥斯本宣布降低多项企业税务。奥斯本告诉议员们：“这是个小企业预算。”此外，受能源价格暴跌重创的石油和天然气业也获得显著的减税优惠。</p>
<p>新预算案也计划为教育和基础设施建设投入更多资金。政府准备在英格兰北部和伦敦发展主要铁路系统，同时为新的教育计划增加拨款，包括规定学生直到18岁都得上数学课，之前的规定为16岁。</p>
<p><strong>拟征高糖饮料税</strong></p>
<p>英国也计划仿效多个国家的做法，对含糖量过高的汽水饮料征税，从而避免儿童肥胖问题进一步恶化。新计划将在两年内实施，到时，每100毫升饮料的含糖量若多过五克就需额外缴税。</p>
<p>去年的官方数据显示，英国61.9%的成人和28%的2岁至15岁少年儿童超重或肥胖，这将导致各种疾病，如糖尿病及心脏病等。</p>
<p>奥斯本说：“我不想回头看时向我们这一代的儿童说：‘对不起，我们都知道含糖过高饮品有问题，我们都知道它会致病但我们逃避了艰难的决定（指征税）’。”</p>
<p>预料新税将能为政府带来每年5亿2000万镑的额外收入。奥斯本说，这笔收入将用来资助学校的体育活动。</p>
<p>奥斯本也说，延迟征收新税是为了给饮料公司“充分时间改变产品类别”。但伯明翰大学市场行销教授斯米金说：“现在的挑战是大规模汽水制造商是否会去改革产品，或单是调高售价。”</p>
<p>芬兰早在上世纪40年代就向含糖饮料征税，法国和墨西哥分别在2012年和2013年推出类似措施，南非则计划明年开始这么做。</p>
<div class=""article-below-container clearfix""><div class=""buytranslation-holder""><a href=""/buyeng/translate/story20160318-593980"">[buy English translation]</a></div></div>
						</div>",2016年3月18日,http://www.zaobao.com/special/report/politic/fincrisis/story20160318-593981,全球金融市场动荡影响 英新财年继续紧缩开支
"<div class=""a_body"">
									  <p>观点碰撞</p>
<p>去年7月，正当中国股市满目哀鸿遍野之时，独立经济研究学者吴迪先生却标新立异地超级乐观鼓吹《股灾拯救了中国超级牛市》，笔者因此随即写了《请勿忽悠中国超级牛市》一文反驳。孰料如今仅半年有余，吴先生的笔锋突然180度大转弯，极其悲观地警告“中国在走向金融危机前夜”（《联合早报》2016年3月8日言论版）。</p>
<p>笔者虽不是经济学家，但也算对经济学略知一二，故试着通俗地解读一下，吴文中那些花里胡哨的金融术语及其内在逻辑，以及将其简单套用于有中国特色社会主义市场经济时存在的问题。</p>
<p>1997年，中国被认为因金融“闭关”政策，避开了亚洲金融危机的浩劫。2007年，中国却因资本流动性过剩，而被警告将面对另一种“钱太多”的“中国式”金融危机。2011年，温州民企老板集体跑路和中小企业的高利贷崩盘，被指恐将酿成“中国式”金融危机。2013年，中国银行业“钱荒”，则被解读为“中国式”金融危机预演。与此同时，新加坡国立大学东亚研究所所长郑永年也警示，各地举债投资城镇化隐含危机，可能导致“中国类型的金融危机”。更有甚者则称，“中国式”金融危机其实已经开始于去年的中国股灾。</p>
<p>由此可见，对于“中国式”金融危机的定义莫衷一是，至今尚无定论。不知吴先生所谓的金融危机，又具体指什么？他在文中说：“中国的宏观庞氏融资和房地产已在坍塌的途中，中国正在走向金融危机前夜。”因此按笔者理解可能是指，宏观庞氏融资和房地产市场坍塌所引发的中国系统性债务危机。不过，中国爆发金融危机的具体指标又是什么呢？房市崩盘、股市和汇市暴跌、大面积的债务违约潮、全国性的恐慌性挤兑，甚至大规模的商业破产潮和金融机构倒闭潮？可惜吴文并未明示。</p>
<p>首先谈谈宏观庞氏融资。“庞氏融资”是由已故美国经济学家海曼・明斯基命名的，指一种难以持续的以借入资金偿还利息的信贷融资模式，即民间所说的拆东墙补西墙式的以债养债。据华创证券估计，去年中国用于偿还利息的贷款、债券和影子金融规模，或已高达创纪录的7.6万亿元人民币（1.6万亿新元）。可以说一些中国企业确已进入庞氏阶段，但是断言“中国经济已成名副其实的庞氏融资红海”则言之尚早，毕竟去年中国在岸公司债市场的违约数量仅6例。</p>
<p>况且，中国政府对此风险已经有了充分的认识和相应的举措。早在去年末的中央经济工作会议，和今年初的中央财经领导小组第十二次会议上，全社会“去杠杆”就已被明确列为2016年五大经济任务之一，其它包括去产能、去库存、降成本和补短板。其具体思路是，一方面政府适度加杠杆，并规范地方政府举债融资机制；另一方面严厉打击金融诈骗、非法集资和证券期货领域的违法犯罪活动。</p>
<p>其次说说房地产市场。中国房市存在泡沫已久，但是对其具体规模、严重程度及何时会破裂，并无共识。美国《新闻周刊》曾把“中国将因房产泡沫破裂而陷入经济崩溃”列为该刊“2010年十大世界预测”的第二位，结果贻笑大方。去年11月，美国《福布斯》杂志网站则发表了题为“关于中国房地产泡沫的说法到此为止吧”的报道称，香港房地产大亨陈启宗9月份曾表示，中国的房地产市场正趋于稳定。</p>
<p>近来，中国一线房市逆势疯涨，令人胆战心惊，因为不确定那是不是类似去年股灾前“回光返照式”的最后疯狂。不过也有观点认为，中国房市应该不会因泡沫溃破而大范围崩盘，虽然中国房地产金融的确面对巨大风险。更有业内乐观者认为，中国房价将在2017年年底或2018年年初才见顶，而广义货币（M2）被认为仅是支撑要素之一。新加坡李光耀公共政策学院黄靖教授认为，这背后酝酿着极大的隐患与危机，是经济权贵集团在利用房市兴风作浪。可见若要化解此类风险，单纯的市场经济手段远远不够。</p>
<p>最后谈谈广义货币（M2）。吴文的核心逻辑是，通过对数周期性幂律模型（Log-Periodic Power Law，LPPL）运算，中国的M2同比增速在今年8月份左右将再次坍塌，并导致房市价格坍塌和系统性的债务危机。可惜的是，如何才算坍塌？到底会坍塌到何种程度？吴文并没有明示。不过，中国央行已发现，近年来M2与实体经济的关系已不像以前那么密切，因此单凭M2就去预判市场走势，未免过于简单。更何况，中国国务院总理李克强在2016年《政府工作报告》中已明确表示：“今年广义货币M2预期增长13%左右，社会融资规模余额增长13%左右。”</p>
	
						</div>",2016年3月18日,http://www.zaobao.com/special/report/politic/fincrisis/story20160318-594153,孙喜：请勿忽悠中国金融危机
"<div class=""a_body"">
							<p>（北京综合电）中国经济下滑的情况已经企稳，但是政府政策顾问警告，现在要结束自2014年实施的宽松政策还为时过早。</p>
<p>据路透社报道，中国政府的政策顾问表示，中国经济企稳的迹象，给予中国央行喘气的空间，以便留出弹药，用于日后国内经济结构调整、以及美国提高利率带来冲击时使用。</p>
<p>一位要求匿名的政策顾问表示：“我们仍然需要宽松的政策，还有降息的空间，但是这样做的紧迫性已经减少。”</p>
<p>上周五公布的第一季度国内生产总值（GDP）增长数据显示，该季经济增长放缓至6.7%，是自2009年以来最慢的增速。去年全年经济增长速度也是25年来最低。</p>
<p>不过3月份其他经济数据的表现则好于预期，显示进入第二季的中国经济已经获得增长动力，新增贷款、工业产出、出口和零售销售都出人意料地强劲增长。</p>
<p>不过，中国股市上周五走势疲弱，市场担心，GDP数据可能促使政府暂缓采用更多的刺激政策来支持经济增长。</p>
<p>自2014年年底以来，中国央行已六次降低利率，五次降低存款准备金率，有三位政府经济学者预期，中国央行今年将降低存款准备金率三次或四次，降低利率至少一次。</p>
<p><strong>降息降准将更为谨慎</strong></p>
<p>但是，去年和今年初金融市场动荡，使决策难度增加，当局担心过度降低利率会重新引发人民币贬值压力以及资本外流。</p>
<p>一位政府顶尖智囊机构的经济学家表示：“通货膨胀上升缩小了进一步降低利率的空间，当资本外流压力减轻的时候，降低存款准备金率也不会很快发生。”</p>
<p>中国官方媒体新华社昨天则发表评论称，鉴于经济和金融市场的新情况，中国会继续使用各项政策工具稳增长，未来数月货币政策会保持一定程度的宽松，但相比去年更强调稳健，在降息和降准上将更为谨慎。一方面，通胀抬头将令央行降息空间收窄，以避免中国实际利率转负。另一方面，人民币汇率近期企稳且美联储加息预期降低，资本外流得以缓解，降低了存款准备金率进一步下调的压力。</p>
<div class=""article-below-container clearfix""><div class=""buytranslation-holder""><a href=""/buyeng/translate/story20160419-606957"">[buy English translation]</a></div></div>
						</div>",2016年4月19日,http://www.zaobao.com/special/report/politic/fincrisis/story20160419-606958,经济虽企稳 政府政策顾问：中国结束宽松政策为时还早
"<div class=""a_body"">
							<p><strong>因油价走低导致收益难以提高，此前通过大举借债进行开发和生产的美国页岩企业陷入困境。大多数企业面对利息负担等沉重压力，陷入资金周转困难。</strong></p>
<p>（纽约讯）据报道，美国页岩油气企业正相继出现破产，原因是油价走低导致经营陷入困境。自2015年以来，破产企业已超过60家，负债总额达到约200亿美元。</p>
<p>日经新闻报道，在上亿美元负债的重压下，美国中坚页岩企业Goodrich Petroleum于4月中旬在美国《联邦破产法》第11条下申请破产保护。该公司表示，“为了应对严峻的商品行情，将迈向新阶段”。</p>
<p>此外，因无法支付借款利息，EnergyXX1公司也在4月中旬申请破产保护。</p>
<p>据美国海博国际律师事务所（Haynes and Boone）统计，自2015年1月起至2016年3月底，在美国破产的能源企业达到59家，其中大部分为页岩企业。1月至3月破产数量达到17家，与上年同期的六家相比大幅增加。</p>
<p>因油价走低导致收益难以提高，此前通过大举借债进行开发和生产的美国页岩企业陷入困境。大多数企业面对利息负担等沉重压力，陷入资金周转困难。一些人士指出，金融机构因油价走低，开始对进一步支持页岩企业持慎重态度。</p>
<p>目前，页岩巨头、美国第二大天然气企业切萨皮克能源公司的走向正受到关注。该公司2015财年（截至2015年12月）出现146亿美元的最终亏损。截至去年底，还背负约100亿美元的长期负债。</p>
<p>美国金融机构奥本海默（Oppenheimer &amp; Co）的分析师盖特分析，“就算原油价格重返每桶50至60美元，页岩企业的一半也将处于无法继续运营的局面”。</p>
<p>据美国能源信息署（EIA）统计，截至4月15日的美国原油产量为每日895万桶，继前一周之后再次低于900万桶。与作为最近顶点的2015年6月的961万桶相比下降约7%（约60万桶）。页岩企业优先确保现金，减少了投资，导致了产量减少。</p>
<p>老牌页岩企业大陆资源公司（Continental Resources）的总裁哈姆表示，“2016年将重点确保现金收入”。2016年投资额将比上年减少近70%，而2016年原油和天然气产量将比上年减少约10%。</p>
<p>很多页岩企业正在加快削减投资，美国原油产量预计进一步减少。美国能源信息署预测称，2016年4月至6月产量将为每日879万桶。2016年全年将比2015年减少9%，降至每日860万桶。</p>
<p>从4月22日的美国原油期货来看，指标石油品种的价格出现了反弹。认为原油供应过剩将在今年下半年逐渐走向缓解的看法再次受到关注。</p>
<div class=""article-below-container clearfix""><div class=""buytranslation-holder""><a href=""/buyeng/translate/story20160430-611315"">[buy English translation]</a></div></div>
						</div>",2016年4月30日,http://www.zaobao.com/special/report/politic/fincrisis/story20160430-611316,油价走低导致经营陷困境 美国一年来60多家页岩油气企业破产
"<div class=""a_body"">
							<p>（迪拜综合电）沙特阿拉伯新任石油部长哈立德・法利赫表明，沙特将保持现有的石油政策。这意味着沙特坚持不减产以维护市场份额的立场，短期内料不会改变 。</p>
<p>法利赫上周六走马上任，接替任职长达20年、人称“石油沙皇”的纳伊米，出任沙特新任石油部长。法利赫隔天发表就任后的第一份声明，他说：“沙特将维持稳定的石油政策。我们将继续发挥在国际能源市场上的作用，加强作为世界最可靠能源供应国的地位。”</p>
<p>法利赫此前担任沙特国家石油公司（阿美石油公司）董事长。他强调，沙特仍然致力于满足全球市场对原油产品已有的和日益增长的需求，沙特最大化的可持续产能也将能够尽可能满足日益增长的全球市场所需。</p>
<p>纳伊米自2014年开始试图通过增加石油产量，要将高成本的美国页岩油生产商挤出市场，这导致国际油供过剩，油价暴跌，在今年1月一度跌到每桶27.10美元，创12年来新低。不过沙特这项不减产以维护市场份额的政策渐有收效，目前油价已从谷底回升超过60%。</p>
<p>迪拜咨询公司卡尔马能源总裁米尔斯指出：“沙特将维持相对高产量的石油政策，不会冻结产量，也不会达成任何协议。”</p>
<p>分析员认为接下来沙特可能增产以满足国内市场在夏季的激增需求，每日产量或将超出1050万桶的历史新高，上个月其每日平均产量是1027万桶。</p>
<p>法利赫今年1月在达沃斯世界经济论坛上曾表示：“即便油价持续偏低，沙特也能够坚持很长时间不减产。”他还说，沙特显然不希望这种情况发生，但对此作好了准备。</p>
<p>分析员指出，法利赫可能在石油输出国组织（OPEC）采取更强硬的立场维护沙特不减产以维护市场份额的政策。阿曼投资基金首席经济师斯卡西维拉尼说：“法利赫相信会更倾向于与委内瑞拉和伊朗等油盟成员直接交锋。”</p>
<p>法利赫是沙特副王储穆罕默德・本・萨勒曼的亲信，后者也是沙特的国防部长，负责领导沙特军队在也门打击胡塞武装组织的军事行动。</p>
<p>穆罕默德・本・萨勒曼坚持由市场来决定油价，而沙特只是根据市场需求来调整产量。卡西维拉尼说：“除非石油供需取得平衡，否则沙特的石油产量不会出现重大调整。”</p>
<p>根据沙特王室公告，石油部除了易帅，也更名为能源、工业和矿产资源部。从这个新名称可看出沙特希望减少对石油收入的过度依赖，实现收入来源多元化。</p>
<div class=""article-below-container clearfix""><div class=""buytranslation-holder""><a href=""/buyeng/translate/story20160510-615143"">[buy English translation]</a></div></div>
						</div>",2016年5月10日,http://www.zaobao.com/special/report/politic/fincrisis/story20160510-615144,新任石油部长： 沙特将维持稳定石油政策
"<div class=""a_body"">
							<p>（上海／北京综合电）中国黄金定盘价昨天首日面市，为国内金市提供可交易的以人民币计价的黄金价格。有分析称，这将有助于中国推动黄金衍生品的发展，并在国际黄金市场发出“中国声音”，提升国际定价的影响力。</p>
<p>据路透社报道，中国央行副行长潘功胜昨天在上海金交所新闻发布会上说，“上海金基准价将为全球投资者提供一个公允的、可交易的人民币黄金基准价格”。他还说，推出上海金定价机制既是中国金融要素市场创新开放、积极融入全球一体化进程的重要尝试，也是中国顺应全球黄金市场“西金东移”发展趋势的必然要求；上海金的推出将有利于进一步完善人民币黄金市场的价格形成机制，加快推进中国黄金市场国际化进程。“西金东移”指的是，实物黄金正源源不断地从欧美等发达国家流向中国、印度、俄罗斯、中东，以及东南亚等国家。</p>
<p>世界黄金协会首席执行官施安在同一场合也表示，上海金基准价的启动，开启了一个全新由伦敦、纽约和上海共同构建的全球黄金交易市场夯实基础，也意味着“西金东移”将继续成为市场主旋律。</p>
<p>中国是全球最大黄金生产国和消费国，但国内金价主要受到海外金价牵动。随着人民币国际化进程加快，中国一直希望能够增加在国际金市上的话语权。</p>
<p>据彭博社报道，在参与定价交易的成员对成色不低于99.99%的标准金锭进行集中报价后，上海黄金交易所于10时30分发布黄金定盘价为每克256.92元（人民币，53新元）。这些成员包括中资银行、珠宝商、矿商以及渣打银行（中国）与澳新银行（中国）。其中两家外资银行正进行业务准备，暂时不参与报价。</p>
<p><strong>要建立真正有效基准指标</strong></p>
<p><strong>分析师：市场须尽可能开放</strong></p>
<p>法国兴业银行驻伦敦分析员巴尔（Robin Bhar）说：“这是非常重大的进展，肯定会受到极大关注”“但只要它处在封闭的货币体系之内，对全球的影响就可能有限，要想建立真正有效的基准指标，市场必须尽可能自由。”</p>
<p>中国黄金协会统计数据显示，中国2015年生产黄金450.053吨，同比下降0.39%；同期全国黄金消费985.9吨，同比增3.66%。另外，此前中国黄金衍生品市场一直缺乏以人民币计价、且权威公允的黄金时点价格，上海金交所理事长焦瑾璞表示，该所将以上海金为契机，引导中国黄金衍生市场规范发展。</p>
<p>另据中新社报道，发布仪式上，上海黄金交易所还公布了12家定价成员，六家提供参考价成员名单，以及18位国际顾问名单。</p>
<div class=""article-below-container clearfix""><div class=""buytranslation-holder""><a href=""/buyeng/translate/story20160420-607373"">[buy English translation]</a></div></div>
						</div>",2016年4月20日,http://www.zaobao.com/special/report/politic/fincrisis/story20160420-607374,“上海金”面市提升中国对国际金价市场影响力
"<div class=""a_body"">
							<p>（波士顿彭博电）美国持续了四年的高档房地产繁荣景象不再，在国际油价下滑以及美元持续坚挺的冲击下，当地豪华住宅市场陷入一片淡静。</p>
<p>南加州一栋拥有六个卧室、游泳池、网球场和桑拿设施的别墅正在求售，房地产经纪说，一年前这类豪宅很快就能脱手，但如今叫价削至368万美元（约526万新元），仍没买家上门。别墅业主是一对中国夫妇，他们因为中国股市暴跌而受到重创，目前正积极套现脱困。</p>
<p>类似情况在全美各地豪宅市场比比皆是。从中国、俄罗斯到南美洲，当地股市动荡以及货币币值滑落，连带影响了美国豪宅市场的买气。佳士得国际地产总裁康恩指出：“中俄市场波动以及中东石油问题，毫无疑问的对整个市场产生冲击。房市将大多不会出现实质性的价格涨幅。”</p>
<p>房地产数据供应商Redfin Corp的数据显示，美国顶级住宅去年的交易量持平，相比之下其他类型房屋的交易量却上升了4.9%。</p>
<p>房地产经纪库苏玛以洛杉矶市郊阿凯迪亚区为例指出，当地建了38栋别墅准备卖给中国买家，可是由于中国如今限制巨额资金出境，以致这些售价高达1200万的豪宅至今无人问津。</p>
<p>佛罗里达州迈阿密市中心正在筹建2万3000个公寓单位，可是潜在的南美买家却因美元坚挺而却步。当地去年动工前达成的买房协议比2014年少了四分之一。</p>
<p>一名经纪透露，有位哥伦比亚客户买了370万美元的公寓，可是从她2014年12月签署买房协议至今，哥伦比亚比索兑美元的币值退低了三成，她目前正为如何支付50%的房款尾数而发愁。</p>
<p>美元兑10大货币的汇率在过去一年平均上升8%，美国房产对外国买家而言变得更贵了。另外，油价从2014年每桶超过100美元的高峰跌至目前约30美元，令全美最大石油加工和化学工业中心休斯敦市不见了至少三万份工作。当地豪宅市场陷入冷清，售价50万美元或以上的住宅去年12月的销售量比前一年少了17%。</p>
<p>休斯敦地区合作委员会研究部高级副总裁严考斯基说，整个休斯敦房市都受到冲击，“不过高档住宅所受的打击最大”。</p>
<p>在豪宅市场相对强劲的加州旧金山，叫价200万美元或以上的待售房产数量去年10月增至历来最多。房市分析员卡莱尔说：“更多卖家跳进市场，而更多买家采取观望态度，因为他们对于市场接下来的波动方向感到担忧。”</p>
<p>美国主要的买房季节将在2月7日美式足球联盟年度冠军赛举行过后掀开序幕，到时将是美国房市真正面临考验的时刻。经济师卡特指出，美国失业率目前徘徊在5%，是近八年来的最低，因此低价房的需求反而增加了。</p>
<p>美国顶级住宅去年的交易量持平，相比之下其他类型房屋的交易量却上升了4.9%。从中国、俄罗斯到南美洲，当地股市动荡以及货币币值滑落，连带影响了美国豪宅市场的买气。</p>
<div class=""article-below-container clearfix""><div class=""buytranslation-holder""><a href=""/buyeng/translate/story20160130-576735"">[buy English translation]</a></div></div>
						</div>",2016年1月30日,http://www.zaobao.com/special/report/politic/fincrisis/story20160130-576736,受油价下滑及美元坚挺冲击 美国豪宅市场转淡
"<div class=""a_body"">
							<p>（纽约讯）据报道，2015年新兴市场资金外流，达到创纪录的7320亿美元；国际金融协会数据显示，外资撤离的情况，中国占大部分。</p>
<p>同时，根据投资管理机构Ashmore Group，去年新兴市场货币兑美元汇率平均贬值17.6%，且这一趋势并未显示出减弱迹象。2016年前两周，新兴市场货币累计贬值3%。</p>
<p>据华尔街日报报道，一些新兴市场目前正在采用一种风险较大的方式，应对本国货币压力加重的问题，那就是阻止资金外流。</p>
<p><strong>各国采取措施管制资本外流</strong></p>
<p>依赖于石油的阿塞拜疆日前宣布，将对任何把资金带出该国的交易征收20%的税款。沙特阿拉伯要求银行禁止交易员押注该国货币里亚尔贬值。尼日利亚最近停止进口食品和家具等商品，并对以外国货币计价的信用卡和借记卡规定了支出限额。</p>
<p>据华尔街日报报道，这些资本管制措施是为了阻止或者放慢资本流出的速度，同时缓解这些国家货币的下行压力，交易员目前正在押注这些货币将进一步下跌。但这些措施也存在令局面恶化的风险，这些措施会赶走那些对限制资本流动措施感到恼火的投资者，同时对那些需要对冲风险的公司造成打击。</p>
<p>管理大约2.4万亿美元资产的道富环球投资（State Street Global Advisors）的全球投资策略师霍格特称，这是经济疲软以及贸易条件发生巨大变化的一个迹象；由于政策存在不确定性，风险溢价也会因此上升。</p>
<p>新兴市场如何处理大规模资本外流、本国货币疲软以及庞大的债务负担，这些是有关全球经济的一个重大问题。</p>
<p>在金融危机之后的几年中，数万亿美元资本流入了新兴市场。但是，中国经济不断放缓，以及油价和其他大宗商品价格的大跌，已经扭转了这一趋势。</p>
<p>印度、委内瑞拉和埃及也实施某种形式的资本管制，就连中国最近也收紧了对资本流动的控制，尽管中国正处在对外国投资者进一步开放市场、推动人民币国际化的进程中。中国政府最近实施了与沙特阿拉伯类似的远期外汇交易限制，暂停了某类境外投资的申请。</p>
<p>到目前为止，这些政策的效果喜忧参半。印度在2013年实施的资本管制，帮助阻止了印度卢比的跌势，令外汇储备重新增加。但中国、委内瑞拉和埃及继续遭遇资本外流，导致外汇储备减少。</p>
<p>在最近的资本控制指引中，国际货币基金组织指出，破坏性的资本外流可能导致外汇储备流失、本币重挫、金融系统承压和经济产值下降。国际货币基金称，在危机情况下，资本流动管理措施可有助于避免本币汇率大幅贬值和外汇储备急剧减少。</p>
<div class=""article-below-container clearfix""><div class=""buytranslation-holder""><a href=""/buyeng/translate/story20160201-577366"">[buy English translation]</a></div></div>
						</div>",2016年2月1日,http://www.zaobao.com/special/report/politic/fincrisis/story20160201-577367,去年达7320亿美元 新兴市场资金外流创纪录
"<div class=""a_body"">
							<p><strong>多位分析员认为，美国经济的利好迹象意味着，联储局可能在6月甚至4月就宣布提高联邦基金利率。该利率去年12月已上调至0.25%至0.50%。</strong></p>
<p>（华盛顿法新电）分析员普遍认为，美国联邦储备局决策者本周应该不会调高利率，但下个月加息的可能性却提高了。</p>
<p>受到欧元区经济增长疲弱和通货膨胀率偏低影响，欧洲中央银行上周四削减了利率。尽管美国经济出现坚挺的利好迹象，但相信联储局不会忽视欧洲央行的决定。</p>
<p>不过，多位分析员同时认为，美国经济的利好迹象意味着，联储局可能在6月甚至4月就宣布提高联邦基金利率。该利率去年12月已上调至0.25%至0.50%。</p>
<p>FTN金融公司经济学家发表的分析报告说：“2月的就业机会增幅大于预期，加上第四季生产率再度令人失望地缓慢增长，眼下收紧银根的可能性高于12月份。”</p>
<p>市场将紧盯联邦公开市场委员会（FOMC）周三结束两天会议后所发表的政策声明。联储局主席耶伦也会在会议后召开记者会，说明委员会对经济前景的最新评估。</p>
<p>但该评估并不一定会得出经济前景改善的结论。美国经济表现还不够强劲和全球经济增长放缓，令联储局有必要采取观望态度。</p>
<p><strong>美国新就业机会增长 与消费者开支仍强劲</strong></p>
<p>在美国国内方面，尽管新就业机会增长情况和消费者开支都保持强劲，而且有望推动国内经济活动，但通胀率却保持疲弱。</p>
<p>联储局副局长费希尔周一说，他预测随着油价从谷底回升，拖累经济增长率与通胀率的负面因素将消失。过后，经济将能看到便宜汽油所带来的就业增长强劲和消费者口袋满满的好处。到时就会有正当理由加息。</p>
<p>但联储局面对的一股逆流是全球其他地区经济增长放缓。国际货币基金组织（IMF）最近就提醒美联储紧缩银根要谨慎。</p>
<p>IMF副总裁利普顿说，现今有一种日益“危险”的见解，认为全球决策人员已无振兴经济的手段或根本丧失了决心。他说，近几个月来，“风险进一步加剧，加上金融市场动荡，商品价格暴跌，令人对全球经济现状产生了新的疑虑。”他敦促各国中央银行采取宽松货币政策，以及增加开支来刺激增长。</p>
<p>美联储理事布雷纳德在最近发表的演讲中提出了类似见解，认为在全球市场动荡和发展中经济体疲弱的当下，联储局应暂缓加息，以免造成更大的破坏。</p>
<p>费希尔则认为通胀率很快就会上升。这意味着他可能支持早点实施银根紧缩政策，以防止价格上升走势快于联储局的决策。</p>
<div class=""article-below-container clearfix""><div class=""buytranslation-holder""><a href=""/buyeng/translate/story20160314-592336"">[buy English translation]</a></div></div>
						</div>",2016年3月14日,http://www.zaobao.com/special/report/politic/fincrisis/story20160314-592337,分析师提高预期 美联储4月至6月可能加息
"<div class=""a_body"">
							<p>（华盛顿讯）国际金融协会近日发布报告指出，全球企业债已达到极端水平，从一些衡量指标来看已远超雷曼兄弟破产前金融泡沫时期水平。</p>
<p>这份报告说，多年来企业发债额屡创纪录，随着信贷周期往前推进，企业资产负债表引发越来越多担忧。</p>
<p>该报告警告了两大风险：过去10年，新兴经济体的企业债务规模增长了五倍，达到25万亿美元；同时美国和欧洲等发达经济体发行的垃圾债券创新高。</p>
<p>报告说，美国企业整体盈利情况自2014年开始下滑，但依然在疯狂发债，净债务和盈利之比达到了1比1.4，和2007年次贷泡沫时期相比增长了一倍。</p>
<p>但是，这些通过发债筹集的资金大多被用来支付红利、回购股票和支持并购交易，而不是用于企业资本投资。实际上，企业资本开支自2012年以来一直处于下降趋势。</p>
<p>国际金融协会还指出，目前企业债的复杂性还表现在：一方面，不少大企业坐拥大量现金，例如在美国、欧洲和日本，大企业持有的现金分别达到1.6万亿美元、2.2万亿美元和二万亿美元；另一方面，很多小企业积累了巨额债务。</p>
<div class=""article-below-container clearfix""><div class=""buytranslation-holder""><a href=""/buyeng/translate/story20160510-615139"">[buy English translation]</a></div></div>
						</div>",2016年5月10日,http://www.zaobao.com/special/report/politic/fincrisis/story20160510-615140,国际金融协会： 全球企业债已达极端水平
"<div class=""a_body"">
							<p><strong>欧洲央行除了把主要的利率降至零，还把量化宽松计划扩大至企业债务，这令市场雀跃。欧元兑美元汇率很快被这消息震跌1％，股票和债券则大涨。</strong></p>
<p>王阳发　报道</p>
<p>ongyh@sph.com.sg</p>
<p>欧洲中央银行采取大动作以应对经济放缓，出乎市场意料把主要再融资利率下调至零，原本为0.05％。</p>
<p>该央行也扩大资产购买计划的规模，从每月600亿欧元加大至每月800亿欧元（约1225亿新元），并且把存款利率下调10个基点，从负0.3％降至负0.4％。负存款利率的进一步下调，意味着银行把钱存在央行将面对更高的收费。</p>
<p>该央行除了把主要的利率降至零，还把量化宽松计划扩大至企业债务，这令市场雀跃。欧元兑美元汇率很快被这消息震跌1％，股票和债券则大涨。</p>
<p>市场原本还在猜测欧洲央行行长德拉吉（Mario Draghi）会不会留一手，但央行除了把存款利率下调至负0.4％之外，还推出零利率的放贷政策。</p>
<p>欧洲央行开始购买非金融业企业债券，将使它每月已很庞大的资产购买计划，每月进一步增加200亿欧元。</p>
<p>路透社引述宝盛银行（Saxo Bank）外汇策略主管哈迪（John Hardy）说：“这是个远比市场预期还更大的规模，这显示欧洲央行在汲取教训后努力争取回市场信心。”</p>
<p>欧元兑美元汇率从欧洲央行发布消息前的1欧元兑1.0970美元，一度猛跌1％或1分，至1.0863美元。欧元兑瑞士法郎、日元和英镑也一度挫跌超过0.5％。欧元兑美元汇率过后转跌为微升，兑其他货币继续维持显著跌幅。</p>
<p>欧洲股市一度应声猛涨2.5％，美国纽约股市开市后不久，道琼斯工商指数也起了0.3％。</p>
<p>德拉吉较后在记者会上表示，央行这些行动，是要制止显著更低的通胀率的影响渗透到整个经济，“避免第二轮的影响特别重要。”他指的是避免价格大跌的情况从石油等产品扩散至其他方面。</p>
<p>欧洲央行如今预料欧元区今年的通胀率将是0.1％，远低于它之前预测的1.0％。</p>
<p>德拉吉也表示，欧洲央行打算维持低利率一段较长的时日。</p>
<div class=""article-below-container clearfix""><div class=""buytranslation-holder""><a href=""/buyeng/translate/story20160311-591363"">[buy English translation]</a></div></div>
						</div>",2016年3月11日,http://www.zaobao.com/special/report/politic/fincrisis/story20160311-591364,主要利率下调至零等 欧洲央行出重拳 应对经济放缓
